Title,minPrice,maxPrice
瑞虎8 PRO,13.39,17.49
江淮T6,8.48,13.48
奥迪Q5L Sportback,42.68,49.99
奥迪Q3 Sportback,28.93,36.53
奥迪Q5L,39.68,48.88
奥迪Q3,27.88,32.97
奥迪Q7,63.28,80.48
大力牛魔王01,2.88,4.38
威狮1986,7.98,16.38
奔驰EQS AMG,154.7,156.6
GLE级AMG,99.43,146.88
迈巴赫S级,146.8,682.8
A级AMG(进口),39.57,56.78
宝马5系,43.65,56.25
凌宝Uni,2.98,4.18
鲸卡T7,5.28,9.31
奔奔E-Star,7.99,7.99
朗逸,9.4,15.19
SEM DELICA,16.88,25.88
SWM斯威G05,8.69,11.69
纳米BOX,4.97,4.97
江豚,13.38,16.28
本田LIFE,9.78,11.28
海豚EV,15.78,17.68
优优EV,12.68,13.88
新海狮EV,13.98,19.28
逸动新能源,14.99,15.99
小象EV,17.98,18.78
Model X,89.89,105.89
Model S,80.89,102.89
启运,13.58,13.58
好运,13.18,19.18
YOUNG光小新,6.68,8.48
GLE 轿跑SUV AMG,101.93,115.58
Modern in,13.98,24.98
柯迪亚克GT,20.89,24.39
柯珞克,14.99,15.89
柯迪亚克,18.69,24.39
福特F-150,72.08,73.08
明锐,10.99,15.49
速派,17.49,19.49
星越L,13.72,18.52
AION S,13.98,19.16
宝典,8.48,11.23
思皓E50A,15.29,18.98
瑞风E3,18.98,20.88
上汽大通MAXUS 大家MIFA 9,26.99,41.99
极氪001,30,40.3
岚图FREE,31.36,40.99
云兔,8.58,9.58
型格,12.99,18.69
风行游艇,11.99,15.69
帕拉索,13.88,20.28
欧拉好猫,12.98,17.1
鲸卡T7EV,16.98,17.46
哈弗二代大狗,13.58,15.68
哈弗二代大狗新能源,16.28,17.58
鲸卡T7,5.28,9.31
奕炫MAX,9.39,13.79
五菱凯捷,8.58,14.98
领克01,16.59,20.68
未奥BOMA,3.99,5.19
江南U2,5.68,9.88
长安UNI-V 智电iDD,14.49,15.99
长安UNI-K 智电iDD,18.79,21.59
飞凡R7,27.99,38.99
领裕,16.98,22.18
艾瑞泽e,15.24,15.24
启辰D60,6.98,14.08
奥迪A3,20.31,25.13
捷途X90 PLUS,10.09,14.29
捷途X90,8.99,17.29
吉利几何E,7.98,10.38
Modern in,13.98,24.98
小鹏P7,20.99,33.99
奔驰EQS SUV,91.05,110.05
星途瑶光,15.28,20.28
奔驰EQS,84.5,133.9
王牌M7新能源,14.48,16.48
王牌M7,5.98,13.98
ZR-V 致在,15.99,22.89
宝马i3,35.39,41.39
睿行EM60,14.79,17.29
睿行EM80,15.69,17.69
猛士MS600,48.68,63.88
全顺EV,31.9,39.3
上汽大通MAXUS H90,40.98,58.98
神骐T10EV,15.48,17.29
长安UNI-T,11.59,13.99
特顺EV,20.6,31
瑞驰新能源ED75,18.58,18.58
库里南,691,745
古思特,503,577
幻影,847,986
五菱星辰,6.88,10.98
羿,11.88,19.98
蓝猫M1,16.68,16.68
雷克萨斯RX新能源,54.9,54.9
雷克萨斯RZ,36.99,45.99
宝马iX,74.69,99.69
捷豹XEL,29.98,32.98
宝马2系,26.98,30.98
长安CS95,17.59,19.99
宝马Z4,48.88,64.09
雷克萨斯RX,40.5,61.9
起亚K3,10.98,14.39
奥迪S6,85.88,94.68
智己LS7,28.98,45.98
秦PLUS,9.98,20.99
小蚂蚁,6.5,9.4
斯巴鲁BRZ,30.88,34.08
傲虎,29.98,33.08
新海狮EV,13.98,19.28
奔腾NAT,14.78,16.48
思皓花仙子,5.99,9.09
理想L7,31.98,37.98
理想L8,33.98,39.98
卫士,71.8,169.8
SWM斯威大虎EDi,9.99,12.39
熊猫mini,3.99,5.69
征服者PLUS,8.58,11.08
将军F9,9.68,17.78
家宝,3.98,5.69
AMG GT,98.68,229.88
飞驰插电混动,248,327.2
哪吒V,7.39,10.38
凌宝BOX,4.38,6.88
哪吒U,11.88,20.68
AION S,13.98,19.16
易至EV3,7.98,8.48
添越插电混动,257.6,297.5
阿斯顿・马丁DBX,196.8,324.8
飞驰,273.8,436
添越,269.9,353.6
欧陆,305.5,449.8
吉奥奥腾,19.78,22.58
AION Y,11.98,20.26
上汽大通MAXUS G20,16.58,28.98
AION S,13.98,19.16
MINI JCW,35.73,36.43
上汽大通MAXUS G10,11.78,18.78
蓝电E5,13.99,15.19
坦克500,33.5,39.5
五菱荣光小卡,3.96,5.04
途岳,15.86,21.66
上汽大通MAXUS V80,10.88,25.06
本田CR-V,16.98,27.68
曹操60,11.98,13.98
五菱缤果,5.98,8.48
威狮1949,14.29,20.99
皇冠陆放,27.78,35.28
MG7,11.98,16.98
保时捷911,129.8,301
艾瑞泽5 GT,7.99,10.99
元宝,2.97,5.19
探岳X,23.29,26.29
探岳,20.79,25.99
mu-X牧游侠,16.68,27.98
D-MAX,13.98,21.78
飞凡F7,22.99,30.19
发现运动版新能源,40.98,40.98
发现运动版,35.68,45.58
东风风神E70,14.28,15.38
帕萨特,18.19,25.29
奕炫GS,8.59,9.99
风行雷霆,12.99,22.99
威兰达新能源,25.88,30.08
凌尚,13.98,15.88
威兰达,17.38,26.48
凯美瑞,17.98,26.98
王牌M7,5.98,13.98
阿维塔11,31.99,60
奔驰GLS,108.3,136.88
奔驰S级,94.72,200.2
上汽大通MAXUS G90,21.99,32.99
奔驰EQA,32.18,32.2
奔驰EQB,35.18,42.8
影豹,9.83,15.8
奔驰C级新能源,40.73,40.81
雷凌,11.18,15.28
奔驰C级,33.15,37.81
奔驰E级,44.01,56.95
瑞虎8 PRO新能源,15.99,17.99
长安UNI-K,14.59,18.49
金杯金卡S2,4.29,4.69
新海狮X30L CNG,5.69,6.19
小海狮X30 CNG,4.19,4.89
金杯金卡S6,5.49,6.59
金海狮M,4.99,5.39
远程锋锐,17.18,27.18
远程锋锐,17.18,27.18
远程星享V,13.18,16.06
远程星享V,13.18,16.06
凌宝Uni,2.98,4.18
金海狮,6.09,8.59
VGV U75PLUS,11.79,15.19
领克05新能源,22.38,23.17
领克05,17.58,26.18
新海狮S,5.29,6.19
新海狮X30L,4.79,5.99
小海狮X30,3.49,5.19
凯翼昆仑新能源,15.99,23.99
上汽大通MAXUS 新途V70,13.88,20.16
凯翼昆仑,9.99,14.99
上汽大通MAXUS V100,38.98,72.98
逸达,8.79,10.79
锋兰达,12.58,18.48
威飒,21.68,30.38
海马7X,12.98,16.38
睿行M60,5.49,6.62
丰田C-HR,14.18,19.28
奥迪A4L,32.18,39.98
长安星卡,3.79,5.64
瑞虎7 PLUS新能源,14.99,16.69
捷尼赛思GV60,28.58,37.23
依维柯欧胜新能源,25.99,30.99
玛莎拉蒂Levante,86.68,191.58
汉,18.98,33.18
唐新能源,20.98,34.28
将军F9,9.68,17.78
橙仕01,2.98,7.2
威狮1986,7.98,16.38
思皓花仙子,5.99,9.09
锐骐6,9.18,19.48
纳瓦拉,14.28,21.78
枫叶60s,8.98,16.38
奥迪Q4 e-tron,28.99,37.71
赛那SIENNA,30.98,41.18
缤智,13.29,15.29
威虎,6.98,10.13
MG MULAN,12.98,18.68
本田CR-V新能源,22.59,29.98
小鹏P7,20.99,33.99
瑞风M3,6.58,9.48
菱智,5.99,9.99
轩逸,10.86,17.49
传祺GS3,8.48,11.18
捷途X70 PLUS,8.99,16.19
奥迪Q5L,39.68,48.88
高尔夫,12.98,22.98
丰田bZ3,16.98,19.98
揽胜极光新能源,41.58,41.58
揽胜极光,38.98,47.58
汉兰达,26.88,34.88
smart精灵#1,17.9,27.9
炮,9.78,28.98
沃尔沃V60,30.43,39.58
宝来,9.88,15.7
荣威RX9,17.58,24.38
金刚炮,8.88,12.58
奇骏・荣耀,18.93,19.28
哈弗神兽,13,16.7
东风纳米EX1,4.57,4.57
荣威iMAX8,18.58,25.58
零跑C01,14.98,28.68
零跑T03,5.99,9.95
锐骐6新能源,26.98,32.98
启辰T60EV,16.38,18.98
零跑C11,14.98,23.98
沃尔沃XC60新能源,52.39,60.39
昂科威,20.99,30.99
全顺,12.64,21.91
思皓X8 PLUS,9.68,13.98
捷途大圣i-DM,14.99,16.99
驱逐舰05,10.18,14.88
汉,18.98,33.18
长安CS75 PLUS,11.79,15.49
瑞虎5x,6.99,10.19
高尔夫,12.98,22.98
长安欧尚X5 PLUS,9.19,11.49
格瑞维亚,31.58,41.58
星途追风PHEV,15.28,16.28
RAV4荣放双擎E+,24.88,29.68
影豹,9.83,15.8
长安欧尚X5,6.99,10.99
逸动PLUS,7.29,10.39
星途追风,10.99,16.99
途睿欧,18.69,27.58
RAV4荣放,17.58,26.38
雷达RD6,14.58,28.98
海鸥,7.38,8.98
长安欧尚X7 PLUS,7.99,13.39
坦克300,19.88,33.8
博越,10.28,12.58
飞度,8.18,10.88
长安UNI-V 智电iDD,14.49,15.99
捷途大圣,9.39,13.59
红旗E-QM5,12.28,23.98
奔腾T55,8.59,10.49
王牌M7,5.98,13.98
卡路里,5.98,9.28
缤越,7.58,11.98
SRM鑫源新能源T3L EV,14.38,14.78
好运,13.18,19.18
哈弗H6,9.89,15.7
哈弗M6,7.19,9.29
创维HT-i,12.98,25.98
威狮1986,7.98,16.38
长安UNI-V,10.89,13.99
威狮1949,14.29,20.99
创维汽车EV6,15.68,28.98
小鹏P5,15.69,20.29
朗逸,9.4,15.19
威虎,6.98,10.13
逸达,8.79,10.79
上汽大通MAXUS 大家MIFA氢,29.98,89.38
锐骐7,10.98,18.58
风行S60EV,15.29,16.89
风行T5,6.89,12.3
上汽大通MAXUS G50,8.68,14.98
长安CS75,10.29,11.99
熊猫mini,3.99,5.69
纳米BOX,4.97,4.97
欧拉好猫GT,14.38,16.9
北京U5 PLUS,6.99,10.09
炮,9.78,28.98
Polestar 4,34.98,53.38
赛图斯,10.99,13.99
迈巴赫S级新能源,201.6,201.6
哪吒GT,17.88,22.68
红旗H6,19.28,23.98
斯巴鲁Crosstrek,19.98,23.08
领地,19.98,27.98
玛莎拉蒂GranTurismo EV,198.8,198.8
标致408X,14.57,17.97
奔腾M9,22.98,24.98
奔驰EQE AMG,86.2,86.2
奥迪Q6,46.76,63.06
锋兰达,12.58,18.48
欧拉芭蕾猫,14.98,22.3
ID.6 X,25.99,33.89
ID.4 X,19.59,29.29
悍途,12.18,19.48
岚图追光,32.29,38.59
航海家,32.88,47.88
奥迪A7L,41.87,69.67
大众ID.3,16.29,19.29
凯迪拉克CT5,27.97,36.17
蔚来ET7,42.8,53.6
探岳,20.79,25.99
T-ROC探歌,15.89,17.99
奔驰S级新能源,126.77,126.77
Cayenne新能源,87.8,102.8
捷豹XFL,39.98,49.98
奔驰GLC,40.63,53.13
迈巴赫S级,146.8,682.8
锐界,22.98,30.98
宝马X1,28.89,34.99
玛莎拉蒂GranTurismo,188.8,229.8
C级AMG,57.38,116.08
捷豹F-TYPE,58.2,69.9
Cayenne,92.3,250.8
奔驰S级,94.72,200.2
问界M5,25.98,33.18
凡尔赛C5 X,14.37,18.67
上汽大通MAXUS D60,11.58,15.98
北京X7,10.49,14.99
全新得意,10.99,16.89
哈弗赤兔,8.28,13.88
哪吒V,7.39,10.38
星迈罗,13.99,16.49
长安CS55PLUS,9.29,12.59
奥迪Q8,78.28,114.68
宝马4系,37.39,57.69
蓝山,27.38,30.88
别克E5,20.89,27.89
ZR-V 致在,15.99,22.89
枫叶60s,8.98,16.38
Polestar 2,29.98,35.88
极氪X,18.98,22.98
本田HR-V,15.99,22.89
思域,12.99,18.79
皓影,16.98,26.39
跨越星V7 EV,15.38,16.88
宝马i7,94.9,145.9
睿行EM60,14.79,17.29
神骐T10EV,15.48,17.29
睿行EM80,15.69,17.69
菱智M5EV,13.99,18.39
菱智,5.99,9.99
福特F-150,72.08,73.08
名爵6,10.98,13.98
纳米BOX,4.97,4.97
QQ冰淇淋,2.99,5.75
星途揽月,17.99,23.39
上汽大通MAXUS G20,16.58,28.98
秦PLUS,9.98,20.99
帕拉索,13.88,20.28
领裕,16.98,22.18
揽境,29.99,40.79
五菱荣光新卡,4.98,6.68
风行S50EV,13.19,16.29
纳瓦拉,14.28,21.78
Macan,57.3,85.8
型格,12.99,18.69
传祺GS4 PLUS,12.68,14.98
比亚迪e2,10.28,10.98
上汽大通MAXUS V90,14.78,34.96
哪吒U,11.88,20.68
传祺GS4,8.98,13.18
本田XR-V,13.29,15.29
开沃K15,29.38,29.38
开沃K10,19.18,19.68
开沃D07创业者,10.48,14.28
江铃福顺,9.98,22.37
北京BJ60,23.98,28.58
GLE 轿跑SUV AMG,101.93,115.58
途观L,19.9,26.08
新世代全顺,16.38,28.39
开沃D11,28.98,28.98
五菱星驰,5.68,8.68
新海狮EV,13.98,19.28
长安欧尚Z6,9.99,13.79
五菱星辰,6.88,10.98
上汽大通MAXUS T90新能源,29.98,30.98
五菱之光小卡,3.49,3.99
上汽大通MAXUS T70,8.98,19.78
长安CS35PLUS,6.99,10.99
铃拓,11.18,19.98
经典瑞迈,8.28,16.98
mu-X牧游侠,16.68,27.98
五菱荣光S,4.09,4.75
锐骐,7.78,11.58
五菱之光,3.51,3.79
雪铁龙C6,22.68,23.68
奥迪Q5 e-tron,29.85,43.55
北京EU5 PLUS,12.99,15.59
银河L7,13.87,17.37
元Pro,9.58,11.38
瑞虎9,15.29,20.99
捷途X90 PLUS,10.09,14.29
捷途X70,8.69,17.09
奔驰G级,142.48,189.9
上汽大通MAXUS 大家MIFA 6,18.98,22.68
红旗E-QM5,12.28,23.98
瑞驰新能源EC35,12.88,14.38
捷途X70M,7.89,15.99
探险者,30.98,39.98
凯迪拉克GT4,21.97,30.97
凯迪拉克XT4,22.97,35.47
凯迪拉克CT6,35.97,48.97
奔驰EQE SUV,48.6,63.06
金刚炮,8.88,12.58
风行T5 EVO,9.99,15.69
风骏7,8.48,12.28
凌派,10.98,16.98
风骏5,6.98,9.98
宝骏悦也,7.98,8.98
马自达CX-50行也,15.98,20.68
卡罗拉锐放,12.98,16.98
凌放HARRIER,21.18,29.88
亚洲狮,14.18,17.98
宋Pro新能源,13.58,16.58
亚洲龙,19.98,27.98
奕泽IZOA,14.98,18.98
沃尔沃XC60,37.79,47.49
依维柯聚星,14.48,18.08
蔚来ES6,33.8,39.6
保时捷911,129.8,301
博越L,12.57,17.07
奥迪Q3 Sportback,28.93,36.53
奥迪Q3,27.88,32.97
捷尼赛思GV70,32.98,40.58
奔驰GLB,29.59,36.48
奔驰GLA,28.78,34.48
奇骏,17.99,26.29
传祺E9,32.98,38.98
红旗HS5,18.38,24.98
卡罗拉,10.98,15.98
雅阁新能源,22.58,25.88
捷达VS7,10.49,13.79
捷达VS5,8.68,11.79
雅阁,16.98,25.98
大切诺基新能源,64.99,74.99
极狐 阿尔法S(ARCFOX αS),18.98,42.99
瑞虎3x,4.99,7.49
奥迪A3,20.31,25.13
奥迪S4,48.88,52.18
汉,18.98,33.18
炮,9.78,28.98
奔驰A级,21.48,27.22
缤越,7.58,11.98
威霆,29.38,35.48
奔驰E级(进口),44.8,66.4
凌渡,15.09,19.09
思皓X6,7.99,11.89
神骐T30,5.44,6.91
神骐T30,5.44,6.91
风行游艇,11.99,15.69
悍途,12.18,19.48
江淮T8,9.58,16.08
长安星卡,3.79,5.64
哈弗枭龙,13.98,15.68
哈弗枭龙MAX,15.98,17.98
羿,11.88,19.98
途铠,11.59,16.19
君越,17.99,28.98
大众Polo,9.09,12.49
吉利ICON,10.99,12.99
Revuelto,629.5,629.5
创维汽车EV6,15.68,28.98
吉奥奥腾,19.78,22.58
冒险家,24.58,34.58
五菱龙卡,6.28,6.58
海豹,18.98,28.98
奔腾NAT,14.78,16.48
保时捷718,56.5,157.8
哪吒S,18.98,34.18
秦PLUS,9.98,20.99
柯米克,11.19,11.99
宝马8系,97.8,336.6
上汽大通MAXUS D60,11.58,15.98
探界者,16.99,23.99
名爵5,6.79,9.99
奔驰CLS级,57.68,78.4
途观X,24.08,27.08
威然,28.98,40.28
途昂X,28.5,39.5
途昂,29.5,40.5
瑞虎7,7.99,14.99
奥迪A6L,42.79,65.68
风光E380,14.48,15.98
星途追风,10.99,16.99
宝马M4,89.39,105.88
领克03,13.78,25.68
江淮A5 PLUS,6.58,9.88
上汽大通MAXUS 大家MIFA 9,26.99,41.99
悦虎,5.68,8.58
畅巡,18.29,19.79
传祺GS8,18.68,26.98
迈锐宝XL,17.59,21.99
马自达3 昂克赛拉,8.99,18.99
小鹏G6,20.99,27.69
菱势黄金卡,8.98,9.53
世纪,51.99,68.99
宝马i4,42.99,54.99
依维柯欧胜新能源,25.99,30.99
途铠,11.59,16.19
龙耀5,14.28,14.28
坦克500新能源,33.5,33.5
江铃福顺,9.98,22.37
纳瓦拉,14.28,21.78
标致508,15.97,22.47
深蓝S7,14.99,20.29
远程星享V,13.18,16.06
奔驰G级,142.48,189.9
创维HT-i,12.98,25.98
创维汽车EV6,15.68,28.98
大道EV,32.98,32.98
风行T5 EVO,9.99,15.69
威尔法,84.7,92.9
皇冠(进口),36.9,42.9
埃尔法,83.9,92.8
大力牛魔王01,2.88,4.38
奕炫GS,8.59,9.99
AION V,15.99,26.98
域虎7,10.48,28.28
别克E4,18.99,25.99
好运,13.18,19.18
峰景房车,29.98,38.88
皓影新能源,22.59,29.98
宋PLUS新能源,15.48,21.88
皓影,16.98,26.39
瑞虎5x,6.99,10.19
途观L,19.9,26.08
本田UR-V,24.68,32.98
奔腾T90,10,14.7
MUFASA 沐飒,12.18,13.98
星瑞,10.87,14.57
钇为3,8.99,12.79
吉利几何M6,14.98,18.98
凯翼昆仑,9.99,14.99
轩度,6.78,9.39
极狐 阿尔法S(ARCFOX αS),18.98,42.99
东风本田M-NV,14.98,15.98
极狐 阿尔法T(ARCFOX αT),18.58,33.13
炫界,6.39,9.39
炮,9.78,28.98
揽胜星脉,56.8,78.8
经典瑞迈,8.28,16.98
捷豹F-PACE,46.8,66.8
宝马X5 M,143.89,144.89
本田CR-V,16.98,27.68
宝马X6 M,146.89,146.89
蔚来ET5T,29.8,35.6
欧萌达,7.99,12.69
领克09新能源,28.99,36.29
捷途X70,8.69,17.09
沃尔沃S90新能源,49.99,61.39
沃尔沃S90,40.69,50.59
MINI CABRIO,31.81,37.88
奥德赛,23.58,43.98
MINI,19.98,32.06
艾瑞泽5 PLUS,7.49,11.99
汉兰达,26.88,34.88
五菱缤果,5.98,8.48
五菱佳辰,6.88,11.58
奔驰GLE轿跑,79.58,92.35
比亚迪D1,16.08,16.98
瑞虎3x,4.99,7.49
奔驰GLS,108.3,136.88
朗逸,9.4,15.19
阿斯顿・马丁DB12,251.8,251.8
智己LS7,28.98,45.98
菱智,5.99,9.99
宝马X3,39.96,48.69
合创Z03,13.48,18.28
捷途X90 PLUS,10.09,14.29
宝马7系,82.8,261.2
远程星享F1E,13.88,14.8
锐骐6,9.18,19.48
星途追风,10.99,16.99
长安览拓者新能源,27.99,27.99
长安览拓者,9.99,15.99
领地,19.98,27.98
菱智PLUS,9.99,15.19
奕炫,6.49,9.39
东风小康C32,3.99,5.19
东风小康C31,3.69,4.89
宝马X6,78.69,97.59
大道,11.38,20.68
家宝,3.98,5.69
长安欧尚Z6 智电iDD,15.58,17.58
smart精灵#3,20.99,28.99
元宝,2.97,5.19
捷途大圣,9.39,13.59
长安欧尚Z6,9.99,13.79
摩卡DHT-PHEV,23.18,31.5
科鲁泽,9.49,10.89
法拉利Roma,暂无报价,暂无报价
高合HiPhi Y,暂无报价,暂无报价
DS 4,暂无报价,暂无报价
艾瑞泽8,10.89,13.29
奔驰GLE,69.98,88.05
启辰大V新能源,13,14.2
SRM鑫源新能源T5L EV,18.78,19.18
长安UNI-T,11.59,13.99
上汽大通MAXUS V80新能源,16.48,130
金杯T3,3.39,5.98
Stelvio斯坦维,40.98,95.28
瑞虎7,7.99,14.99
Giulia朱丽叶,35.98,158
星际H房车,39.88,41.88
星际EV,26.98,29.98
星际R,11.28,15.48
星际L,9.28,12.68
星际H,13.68,26.68
英仕派新能源,22.98,25.88
好运,13.18,19.18
昊铂GT,21.99,33.99
腾势N7,30.18,37.98
星迈罗,13.99,16.49
英仕派,17.99,25.59
沃尔沃S60新能源,39.99,46.19
沃尔沃V90,39.18,49.28
沃尔沃S60,29.69,38.49
名爵5,6.79,9.99
蒙迪欧,14.98,21.88
QQ冰淇淋,2.99,5.75
哪吒U,11.88,20.68
途锐,53.38,78.28
